Annual Distance (miles/vehicle),2020.0
LDVs,9114.918804288
HDVs,35886.842895106
aircraft,1523543.235841139
rail,19852.621033658
ships,0.0
motorbikes,0.0
