Annual Distance (miles/vehicle),2020.0
LDVs,10110.492976832
HDVs,17748.430428366
aircraft,280837.079562829
rail,0.0
ships,184.762211521
motorbikes,1993.336642851
