Annual Distance (miles/vehicle),2020.0
LDVs,8875.557886333
HDVs,36820.813691219
aircraft,1003922.938321346
rail,19644.793479089
ships,0.0
motorbikes,0.0
