Annual Distance (miles/vehicle),2020.0
LDVs,9124.777054543
HDVs,35586.241441624
aircraft,272957.901764414
rail,19686.073822255
ships,0.0
motorbikes,0.0
