Annual Distance (miles/vehicle),2020.0
LDVs,10173.064985719
HDVs,10021.250808571
aircraft,1285658.320494364
rail,0.0
ships,173.837277128
motorbikes,1729.412086888
