Annual Distance (miles/vehicle),2020.0
LDVs,10100.015590843
HDVs,17898.312295396
aircraft,1567521.979895397
rail,0.0
ships,184.734554804
motorbikes,1990.806552564
