hard coal,Hour0,Hour1,Hour2,Hour3,Hour4,Hour5,Hour6,Hour7,Hour8,Hour9,Hour10,Hour11,Hour12,Hour13,Hour14,Hour15,Hour16,Hour17,Hour18,Hour19,Hour20,Hour21,Hour22,Hour23
Winter,1.0,1.0,1.0,1.0,1.0,1.0,1.0,1.0,0.9301103043720722,0.8668411673403539,0.8619829834557341,0.857387874811659,0.8417142736337131,0.8259407588626684,0.7913477396887698,0.9111395546218662,1.0,1.0,1.0,1.0,1.0,1.0,1.0,1.0
Spring,0.005024324607089032,0.005024324607089032,0.005024324607089032,0.005024324607089032,0.005024324607089032,0.005024324607089032,0.005024324607089032,0.005024324607089032,0.005024324607089032,0.005024324607089032,0.005024324607089032,0.005024324607089032,0.005024324607089032,0.005024324607089032,0.005024324607089032,0.005024324607089032,0.005024324607089032,0.005024324607089032,0.005392125792693498,0.011294131733654865,0.011137157395873521,0.010048649214178064,0.01082550031648282,0.010048649214178064
Summer,0.8854182366723229,0.8737561193717623,0.8708469512015132,0.8708239298790499,0.8716272528681691,0.8651812825784049,0.7981080537568849,0.6372386873279887,0.6458716832517803,0.7049540898813837,0.7684117594275923,0.8096247732313603,0.822691191202191,0.836220458919392,0.8410076823432378,0.8583463731038632,0.8834468844803216,0.9122308074509309,1.0,0.9894394763991199,1.0,1.0,0.9799013790079497,0.92260615399064
Fall,1.0,1.0,1.0,1.0,1.0,1.0,1.0,0.8736491764898442,0.6980822549206823,0.7088517050488278,0.8249101566865389,0.9105110411694753,0.9300609110827783,0.9661658728169461,0.9617074034121618,1.0,1.0,1.0,1.0,1.0,1.0,1.0,1.0,1.0
Summer Peak,0.9488262286279523,0.8541649739553712,0.8541649739553712,0.8296036461839779,0.8541649739553712,0.7989283398257138,0.5182123919492294,0.5182123919492294,0.5182123919492294,0.5182123919492294,0.5182123919492294,0.5182123919492294,0.5182123919492294,0.5182123919492294,0.5182123919492294,0.7181816571094587,1.0,1.0,1.0,1.0,1.0,1.0,1.0,0.8541649739553712
Winter Peak,1.0,1.0,1.0,1.0,1.0,1.0,1.0,1.0,0.8541649739553712,0.5182123919492294,0.592318028959056,0.5182123919492294,0.5182123919492294,0.5182123919492294,0.5182123919492294,0.5182123919492294,1.0,1.0,1.0,1.0,1.0,1.0,1.0,1.0
