Unit: dimensionless (ratio of electricity demand in this hour to annual demand),Hour0,Hour1,Hour2,Hour3,Hour4,Hour5,Hour6,Hour7,Hour8,Hour9,Hour10,Hour11,Hour12,Hour13,Hour14,Hour15,Hour16,Hour17,Hour18,Hour19,Hour20,Hour21,Hour22,Hour23
Winter,0,0,0,0,0.0,0.0,9.9388379204893e-05,0.05847859327217125,0.23667686034658503,0.33427115188583095,0.3353465851172272,0.32716870540265025,0.32773955147808365,0.3387232415902141,0.29063455657492354,0.1305173292558614,0.020856269113149844,2.2935779816513765e-05,0.0,0.0,0,0,0,0
Spring,0,0,0,0,0.013186411381465228,0.13338984177635954,0.3699009440234012,0.5778420422816116,0.6737368700970616,0.6936178699641007,0.685028586624119,0.6805477994947484,0.661823560696716,0.6364978061428003,0.6163109958782074,0.5639841776359528,0.390765855604308,0.14019412312192528,0.022450472011700574,0.0,0,0,0,0
Summer,0,0,0,0,0.04827815450073129,0.2942494349155697,0.5910616939236801,0.7362019678234278,0.7877310198111955,0.7966560297832733,0.7960710011966493,0.7843405132296241,0.7786929929530644,0.765948677037628,0.7480122324159024,0.691158090679431,0.46128174444887643,0.37430860257944415,0.11630434782608692,0.0009972078181092942,0,0,0,0
Fall,0,0,0,0,0.0,0.013560936481676448,0.19682659046473155,0.46572416904797737,0.5761267358500028,0.5897478317541485,0.5822279039454554,0.568942698150098,0.5660149395899131,0.5648067378553165,0.5505289015892116,0.44523487241189164,0.1899232967363513,0.029272572316639097,0.0,0.0,0,0,0,0
Summer Peak,0,0,0,0,0.0,0.12293577981651377,0.3568807339449541,0.45657492354740065,0.5428134556574924,0.5767584097859327,0.6694189602446483,0.710091743119266,0.6828746177370031,0.6914373088685015,0.6764525993883792,0.6314984709480123,0.20366972477064219,0.25137614678899084,0.009174311926605505,0.0,0,0,0,0
Winter Peak,0,0,0,0,0.0,0.0,0.0,0.0015290519877675841,0.10795107033639142,0.1691131498470948,0.14801223241590214,0.1584097859327217,0.13180428134556577,0.1452599388379205,0.1746177370030581,0.022018348623853212,0.0,0.0,0.0,0.0,0,0,0,0
