Unit: dimensionless (ratio of electricity demand in this hour to annual demand),Hour0,Hour1,Hour2,Hour3,Hour4,Hour5,Hour6,Hour7,Hour8,Hour9,Hour10,Hour11,Hour12,Hour13,Hour14,Hour15,Hour16,Hour17,Hour18,Hour19,Hour20,Hour21,Hour22,Hour23
Winter,0.531249999999999,0.531249999999999,0.531249999999999,0.531249999999999,0.531249999999999,0.531249999999999,0.531249999999999,0.531249999999999,0.5223958333333324,0.5200520833333324,0.5200520833333324,0.5200520833333324,0.5200520833333324,0.5200520833333324,0.5200520833333324,0.5200520833333324,0.5268229166666657,0.531249999999999,0.531249999999999,0.531249999999999,0.531249999999999,0.531249999999999,0.531249999999999,0.531249999999999
Spring,0.5312499999999998,0.5312499999999998,0.5312499999999998,0.5312499999999998,0.5312499999999998,0.5312499999999998,0.5312499999999998,0.4412364130434786,0.4008152173913047,0.38620923913043514,0.38620923913043514,0.38620923913043514,0.38620923913043514,0.38620923913043514,0.41270380434782655,0.430027173913044,0.47927989130434795,0.5312499999999998,0.5312499999999998,0.5312499999999998,0.5312499999999998,0.5312499999999998,0.5312499999999998,0.5312499999999998
Summer,0.5312499999999998,0.5312499999999998,0.5312499999999998,0.5312499999999998,0.5312499999999998,0.5312499999999998,0.5197010869565216,0.5139266304347825,0.5139266304347825,0.5139266304347825,0.5139266304347825,0.5139266304347825,0.5139266304347825,0.5197010869565216,0.5197010869565216,0.5254755434782608,0.5312499999999998,0.5312499999999998,0.5312499999999998,0.5312499999999998,0.5312499999999998,0.5312499999999998,0.5312499999999998,0.5312499999999998
Fall,0.5312500000000006,0.5312500000000006,0.5312500000000006,0.5312500000000006,0.5312500000000006,0.5312500000000006,0.5312500000000006,0.5312500000000006,0.5225409836065579,0.5225409836065579,0.5225409836065579,0.5225409836065579,0.5225409836065579,0.5225409836065579,0.5225409836065579,0.5312500000000006,0.5312500000000006,0.5312500000000006,0.5312500000000006,0.5312500000000006,0.5312500000000006,0.5312500000000006,0.5312500000000006,0.5312500000000006
Summer Peak,0.53125,0.53125,0.53125,0.53125,0.53125,0.53125,0.53125,0.53125,0.53125,0.53125,0.53125,0.53125,0.53125,0.53125,0.53125,0.53125,0.53125,0.53125,0.53125,0.53125,0.53125,0.53125,0.53125,0.53125
Winter Peak,0.53125,0.53125,0.53125,0.53125,0.53125,0.53125,0.53125,0.53125,0.53125,0.53125,0.53125,0.53125,0.53125,0.53125,0.53125,0.53125,0.53125,0.53125,0.53125,0.53125,0.53125,0.53125,0.53125,0.53125
