solar pv,Hour0,Hour1,Hour2,Hour3,Hour4,Hour5,Hour6,Hour7,Hour8,Hour9,Hour10,Hour11,Hour12,Hour13,Hour14,Hour15,Hour16,Hour17,Hour18,Hour19,Hour20,Hour21,Hour22,Hour23
Winter,0,0,0,0,0.0,0.0,0.0001037096130833666,0.06010370961308336,0.23696848823294767,0.33195585693391855,0.3338385852945087,0.3268634490094402,0.3277994947480389,0.3384789256747774,0.2906422018348624,0.1317404600452068,0.021598191729823163,2.3932987634623058e-05,0.0,0.0,0,0,0,0
Spring,0,0,0,0,0.013186411381465228,0.13338984177635954,0.3699009440234012,0.5778420422816116,0.6737368700970616,0.6936178699641007,0.685028586624119,0.6805477994947484,0.661823560696716,0.6364978061428003,0.6163109958782074,0.5639841776359528,0.390765855604308,0.14019412312192528,0.022450472011700574,0.0,0,0,0,0
Summer,0,0,0,0,0.05092973390980352,0.29937431895672956,0.5945727442089351,0.7378537031178602,0.7888431930823581,0.7977679356040632,0.7961228865689479,0.7837815037435413,0.7772821540300183,0.7627403423670428,0.7437308868501531,0.6853211009174311,0.45695103518577096,0.3755457133818411,0.11957186544342503,0.0010545186122535063,0,0,0,0
Fall,0,0,0,0,0.0,0.013560936481676448,0.19682659046473155,0.46572416904797737,0.5761267358500028,0.5897478317541485,0.5822279039454554,0.568942698150098,0.5660149395899131,0.5648067378553165,0.5505289015892116,0.44523487241189164,0.1899232967363513,0.029272572316639097,0.0,0.0,0,0,0,0
Summer Peak,0,0,0,0,0.0,0.12293577981651377,0.3568807339449541,0.45657492354740065,0.5428134556574924,0.5767584097859327,0.6694189602446483,0.710091743119266,0.6828746177370031,0.6914373088685015,0.6764525993883792,0.6314984709480123,0.20366972477064219,0.25137614678899084,0.009174311926605505,0.0,0,0,0,0
Winter Peak,0,0,0,0,0.0,0.0,0.0,0.0015290519877675841,0.10795107033639142,0.1691131498470948,0.14801223241590214,0.1584097859327217,0.13180428134556577,0.1452599388379205,0.1746177370030581,0.022018348623853212,0.0,0.0,0.0,0.0,0,0,0,0
