Unit: dimensionless (ratio of electricity demand in this hour to annual demand),Hour0,Hour1,Hour2,Hour3,Hour4,Hour5,Hour6,Hour7,Hour8,Hour9,Hour10,Hour11,Hour12,Hour13,Hour14,Hour15,Hour16,Hour17,Hour18,Hour19,Hour20,Hour21,Hour22,Hour23
Winter,0.017812500000000002,0.017812500000000002,0.017812500000000002,0.017812500000000002,0.017812500000000002,0.017812500000000002,0.017812500000000002,0.014250000000000002,0.014250000000000002,0.014250000000000002,0.014250000000000002,0.014250000000000002,0.014250000000000002,0.014250000000000002,0.021374999999999998,0.064125,0.07481250000000002,0.07481250000000002,0.0874791666666667,0.07481250000000002,0.056999999999999995,0.017812500000000002,0.017812500000000002,0.017812500000000002
Spring,0.027880434782608692,0.027880434782608692,0.027880434782608692,0.027880434782608692,0.027880434782608692,0.027880434782608692,0.027880434782608692,0.027880434782608692,0.027880434782608692,0.027880434782608692,0.027880434782608692,0.027880434782608692,0.027880434782608692,0.027880434782608692,0.027880434782608692,0.04182065217391304,0.11152173913043481,0.11152173913043481,0.11152173913043481,0.12081521739130438,0.10687500000000005,0.0789945652173913,0.03252717391304348,0.03252717391304348
Summer,0.3577989130434781,0.3577989130434781,0.3577989130434781,0.3577989130434781,0.3577989130434781,0.3577989130434781,0.34850543478260854,0.34850543478260854,0.3531521739130433,0.36244565217391284,0.36244565217391284,0.3577989130434781,0.3577989130434781,0.3577989130434781,0.3577989130434781,0.3670923913043476,0.37638586956521713,0.3856793478260866,0.45160326086956504,0.5853260869565219,0.4604347826086953,0.3926902173913041,0.3716304347826085,0.3531521739130433
Fall,0.09110655737704916,0.09110655737704916,0.09110655737704916,0.09110655737704916,0.09110655737704916,0.09110655737704916,0.09110655737704916,0.09110655737704916,0.09110655737704916,0.09110655737704916,0.09110655737704916,0.09110655737704916,0.09110655737704916,0.09110655737704916,0.09811475409836064,0.13315573770491804,0.13315573770491804,0.13315573770491804,0.17176229508196728,0.12717213114754095,0.09811475409836064,0.09110655737704916,0.09110655737704916,0.09110655737704916
Summer Peak,0.0,0.0,0.0,0.0,0.0,0.0,0.0,0.0,0.0,0.0,0.0,0.0,0.0,0.0,0.0,0.0,0.0,0.0,0.0,0.0,0.0,0.0,0.0,0.0
Winter Peak,0.0,0.0,0.0,0.0,0.0,0.0,0.0,0.0,0.0,0.0,0.0,0.0,0.0,0.0,0.0,0.0,0.0,0.0,0.0,0.0,0.0,0.0,0.0,0.0
