solar pv dist,Hour0,Hour1,Hour2,Hour3,Hour4,Hour5,Hour6,Hour7,Hour8,Hour9,Hour10,Hour11,Hour12,Hour13,Hour14,Hour15,Hour16,Hour17,Hour18,Hour19,Hour20,Hour21,Hour22,Hour23
Winter,0,0,0,0,0.0,0.0,0.0016926651178227675,0.05599070693660802,0.17928974444075674,0.2507467640225689,0.2525389976767342,0.2498174576833721,0.2476933289080651,0.3521075340192499,0.28546299369399275,0.13647527381347493,0.025589113840026555,0.006272817789578493,0.0,0.0,0,0,0,0
Spring,0,0,0,0,0.0017839362761367411,0.01161632923996017,0.21979754397610354,0.34591769000995687,0.40594922004646533,0.4176900099568537,0.4179804181878525,0.4125041486890143,0.3998506471954863,0.4557334882177234,0.4342847660139398,0.3804762694988385,0.26622137404580154,0.15698639230003314,0.025016594756057085,0.0,0,0,0,0
Summer,0,0,0,0,0.006756163902781431,0.029393700096516633,0.36084057208037196,0.45068877774853033,0.4819250680003509,0.4942967447573922,0.4899096253400017,0.47639729753443893,0.46218303062209365,0.5418969904360796,0.5147407212424324,0.4703869439326141,0.38575941037115036,0.21957532684039655,0.07370360621216106,0.0018864613494779328,0,0,0,0
Fall,0,0,0,0,0.0,0.0,0.13352521586785135,0.30127643599048937,0.37817544737830044,0.3963834313602804,0.4017019146539857,0.3896883994493806,0.39732198723564,0.4719684645225881,0.43724189713427614,0.3500187711175072,0.1574271054936804,0.05237141784507569,0.0,0.0,0,0,0,0
Summer Peak,0,0,0,0,0.0,0.015267175572519085,0.2824427480916031,0.3206106870229008,0.2251908396946565,0.3015267175572519,0.35496183206106874,0.3358778625954199,0.2251908396946565,0.5,0.3816793893129771,0.26717557251908397,0.12213740458015268,0.0801526717557252,0.015267175572519085,0.0,0,0,0,0
Winter Peak,0,0,0,0,0.0,0.0,0.0,0.015267175572519085,0.11068702290076336,0.18702290076335878,0.07633587786259542,0.10305343511450382,0.0648854961832061,0.09541984732824428,0.16412213740458015,0.04198473282442749,0.0,0.0,0.0,0.0,0,0,0,0
