solar pv,Hour0,Hour1,Hour2,Hour3,Hour4,Hour5,Hour6,Hour7,Hour8,Hour9,Hour10,Hour11,Hour12,Hour13,Hour14,Hour15,Hour16,Hour17,Hour18,Hour19,Hour20,Hour21,Hour22,Hour23
Winter,0,0,0,0,0.0,0.0,9.941674649502598e-05,0.05761582831488657,0.22715961829909612,0.318215161499156,0.3200199578201425,0.31333354433151545,0.3142308441973168,0.32446821993895847,0.27861160833129117,0.12628730866948926,0.02070417474442566,2.294232611423676e-05,0.0,0.0,0,0,0,0
Spring,0,0,0,0,0.012640584402107944,0.12786841731086207,0.35458958226644177,0.5539233454231514,0.6458487851550425,0.6649068480007717,0.6566731020731065,0.6523777887950527,0.6344286050448447,0.6101511630081267,0.5907999482176041,0.5406391013161718,0.3745908296302007,0.13439104808250688,0.02152117646882709,0.0,0,0,0,0
Summer,0,0,0,0,0.04882159227708211,0.2869822757020363,0.5699615110544851,0.7073116210964774,0.7561904959374844,0.764745815337823,0.7631688600485917,0.7513383258167723,0.7451080045992741,0.7311681241899785,0.7129455297366375,0.6569535082811695,0.43803639677245615,0.3600006968935864,0.11462241041407281,0.0010108687751483629,0,0,0,0
Fall,0,0,0,0,0.0,0.012999606732215304,0.18867931974621252,0.44644638307184376,0.5522790409117128,0.5653363168789689,0.5581276624988126,0.54539237309387,0.5425858036551954,0.5414276131847837,0.5277407814016604,0.426805202770711,0.18206177502522894,0.02806088861715532,0.0,0.0,0,0,0,0
Summer Peak,0,0,0,0,0.0,0.11784708180679615,0.34210831957346044,0.4376758535759867,0.5203447020076198,0.5528845678796456,0.6417096071519321,0.6806988158094045,0.6546082927228254,0.66281654717703,0.6484521018821717,0.6053587659975971,0.19523919523215477,0.24097089861986673,0.008794558343790757,0.0,0,0,0,0
Winter Peak,0,0,0,0,0.0,0.0,0.0,0.0014657597239651262,0.10348263651193788,0.16211302547054293,0.1418855412798242,0.15185270740278706,0.1263484882057939,0.13924717377668697,0.1673897604768174,0.021106940025097817,0.0,0.0,0.0,0.0,0,0,0,0
