Unit: dimensionless (ratio of electricity demand in this hour to annual demand),Hour0,Hour1,Hour2,Hour3,Hour4,Hour5,Hour6,Hour7,Hour8,Hour9,Hour10,Hour11,Hour12,Hour13,Hour14,Hour15,Hour16,Hour17,Hour18,Hour19,Hour20,Hour21,Hour22,Hour23
Winter,0,0,0,0,0.0,0.0,0.001622137404580152,0.05540712468193382,0.18158396946564884,0.2556615776081426,0.25569338422391863,0.25168575063613235,0.24812340966921131,0.3527671755725191,0.28212468193384227,0.13403307888040714,0.024618320610687024,0.006011450381679389,0.0,0.0,0,0,0,0
Spring,0,0,0,0,0.0017839362761367411,0.01161632923996017,0.21979754397610354,0.34591769000995687,0.40594922004646533,0.4176900099568537,0.4179804181878525,0.4125041486890143,0.3998506471954863,0.4557334882177234,0.4342847660139398,0.3804762694988385,0.26622137404580154,0.15698639230003314,0.025016594756057085,0.0,0,0,0,0
Summer,0,0,0,0,0.006430467972120807,0.029040823099900442,0.35915200796548286,0.45087952207102555,0.4808745436442083,0.49356953202787923,0.49037504148689015,0.47747261865250573,0.4630351808828412,0.5476684367739793,0.520826418851643,0.47651842017922363,0.38981081978094934,0.2202953866578161,0.07272651842017919,0.001783936276136741,0,0,0,0
Fall,0,0,0,0,0.0,0.0,0.13352521586785135,0.30127643599048937,0.37817544737830044,0.3963834313602804,0.4017019146539857,0.3896883994493806,0.39732198723564,0.4719684645225881,0.43724189713427614,0.3500187711175072,0.1574271054936804,0.05237141784507569,0.0,0.0,0,0,0,0
Summer Peak,0,0,0,0,0.0,0.015267175572519085,0.2824427480916031,0.3206106870229008,0.2251908396946565,0.3015267175572519,0.35496183206106874,0.3358778625954199,0.2251908396946565,0.5,0.3816793893129771,0.26717557251908397,0.12213740458015268,0.0801526717557252,0.015267175572519085,0.0,0,0,0,0
Winter Peak,0,0,0,0,0.0,0.0,0.0,0.015267175572519085,0.11068702290076336,0.18702290076335878,0.07633587786259542,0.10305343511450382,0.0648854961832061,0.09541984732824428,0.16412213740458015,0.04198473282442749,0.0,0.0,0.0,0.0,0,0,0,0
