MSW,Hour0,Hour1,Hour2,Hour3,Hour4,Hour5,Hour6,Hour7,Hour8,Hour9,Hour10,Hour11,Hour12,Hour13,Hour14,Hour15,Hour16,Hour17,Hour18,Hour19,Hour20,Hour21,Hour22,Hour23
Winter,0.5312499999999991,0.5312499999999991,0.5312499999999991,0.5312499999999991,0.5312499999999991,0.5312499999999991,0.5312499999999991,0.5312499999999991,0.5220108695652166,0.5195652173913035,0.5195652173913035,0.5195652173913035,0.5195652173913035,0.5195652173913035,0.5195652173913035,0.5195652173913035,0.5266304347826078,0.5312499999999991,0.5312499999999991,0.5312499999999991,0.5312499999999991,0.5312499999999991,0.5312499999999991,0.5312499999999991
Spring,0.5312499999999998,0.5312499999999998,0.5312499999999998,0.5312499999999998,0.5312499999999998,0.5312499999999998,0.5312499999999998,0.4412364130434786,0.4008152173913047,0.38620923913043514,0.38620923913043514,0.38620923913043514,0.38620923913043514,0.38620923913043514,0.41270380434782655,0.430027173913044,0.47927989130434795,0.5312499999999998,0.5312499999999998,0.5312499999999998,0.5312499999999998,0.5312499999999998,0.5312499999999998,0.5312499999999998
Summer,0.53125,0.53125,0.53125,0.53125,0.53125,0.53125,0.5190373563218391,0.5129310344827587,0.5129310344827587,0.5129310344827587,0.5129310344827587,0.5129310344827587,0.5129310344827587,0.5190373563218391,0.5190373563218391,0.5251436781609196,0.53125,0.53125,0.53125,0.53125,0.53125,0.53125,0.53125,0.53125
Fall,0.5312500000000006,0.5312500000000006,0.5312500000000006,0.5312500000000006,0.5312500000000006,0.5312500000000006,0.5312500000000006,0.5312500000000006,0.5225409836065579,0.5225409836065579,0.5225409836065579,0.5225409836065579,0.5225409836065579,0.5225409836065579,0.5225409836065579,0.5312500000000006,0.5312500000000006,0.5312500000000006,0.5312500000000006,0.5312500000000006,0.5312500000000006,0.5312500000000006,0.5312500000000006,0.5312500000000006
Summer Peak,0.53125,0.53125,0.53125,0.53125,0.53125,0.53125,0.53125,0.53125,0.53125,0.53125,0.53125,0.53125,0.53125,0.53125,0.53125,0.53125,0.53125,0.53125,0.53125,0.53125,0.53125,0.53125,0.53125,0.53125
Winter Peak,0.53125,0.53125,0.53125,0.53125,0.53125,0.53125,0.53125,0.53125,0.53125,0.53125,0.53125,0.53125,0.53125,0.53125,0.53125,0.53125,0.53125,0.53125,0.53125,0.53125,0.53125,0.53125,0.53125,0.53125
